[{"Subject":"ogavpqi","Message":"fdvnrohhvrevekulmqsdvlaaxwzerqigjpcasjogviglxjaelojyxeducvpupdpeixmphttdcmhneocnwusdhkielhyxttqssbdaxlxrvgwlxqqotbyuk","SenderId":"nssyzj@hse.ru","ReceiverId":"vpsrkagzbklnyxv@hse.ru"},{"Subject":"oidzvvjjvpuckbq","Message":"xaibnxhvrjeruvhhefmohxwzwnqhvndrkmxkdvkrbiilqrozhnxfoc","SenderId":"ktgxrscrzip@hse.ru","ReceiverId":"ksdtxhfaeld@hse.ru"},{"Subject":"ieagzzd","Message":"mgiyxdiuvnzokjeyqziqydiixgvqkk","SenderId":"ksdtxhfaeld@hse.ru","ReceiverId":"nglndcdboksmyx@hse.ru"},{"Subject":"fekgbkko","Message":"tpfltyabqzrnijyzbqhskllqifftsppybnjtdlnwqiucqsxum","SenderId":"ktgxrscrzip@hse.ru","ReceiverId":"vpsrkagzbklnyxv@hse.ru"},{"Subject":"\u0442\u044B\u0446","Message":"\u0442\u044B\u0440\u044B\u0446","SenderId":"nglndcdboksmyx@hse.ru","ReceiverId":"ktgxrscrzip@hse.ru"},{"Subject":"\u0442\u044B\u0446","Message":"\u0442\u044B\u0440\u044B\u0446","SenderId":"nglndcdboksmyx@hse.ru","ReceiverId":"ktgxrscrzip@hse.ru"},{"Subject":"\u043F\u0438\u0441\u044C\u043C\u043E","Message":"\u043F\u0440\u043E\u0432\u0435\u0440\u044F\u044E\u0449\u0438\u0439, \u043D\u0435 \u0434\u0443\u0448\u0438!!!","SenderId":"ktgxrscrzip@hse.ru","ReceiverId":"ktgxrscrzip@hse.ru"}]