[{"UserName":"ksdtxhfaeld","Email":"ksdtxhfaeld@hse.ru"},{"UserName":"ktgxrscrzip","Email":"ktgxrscrzip@hse.ru"},{"UserName":"nglndcdboksmyx","Email":"nglndcdboksmyx@hse.ru"},{"UserName":"nssyzj","Email":"nssyzj@hse.ru"},{"UserName":"oienwfudpcdc","Email":"oienwfudpcdc@hse.ru"},{"UserName":"ujlwvlbzxwfw","Email":"ujlwvlbzxwfw@hse.ru"},{"UserName":"vpsrkagzbklnyxv","Email":"vpsrkagzbklnyxv@hse.ru"},{"UserName":"\u043E\u043B\u043E\u043B\u043E\u043B","Email":"\u043B\u0430\u043B\u0430\u043B\u0430"}]