<?xml version="1.0"?>
<doc>
    <assembly>
        <name>MessageService</name>
    </assembly>
    <members>
        <member name="T:MessageService.Controllers.MessagesController">
            <summary>
            Контроллер с обработчиками сообщений.
            </summary>
        </member>
        <member name="M:MessageService.Controllers.MessagesController.GetMessages">
            <summary>
            Получение всех сообщений.
            </summary>
            <returns>Список сообщений или ошибка 400.</returns>
        </member>
        <member name="M:MessageService.Controllers.MessagesController.GetMessagesFromTo(System.String,System.String)">
            <summary>
            Получение сообщений от отправителя получателю.
            </summary>
            <param name="fromId">Почтовый адрес отправителя.</param>
            <param name="toId">Почтовый адрес получателя.</param>
            <returns>Список сообщений или ошибка 400 или ошибка 404.</returns>
        </member>
        <member name="M:MessageService.Controllers.MessagesController.GetMessagesFrom(System.String)">
            <summary>
            Получение сообщений от отправителя.
            </summary>
            <param name="fromId">Почтовый адрес отправителя.</param>
            <returns>Список сообщений или ошибка 400 или ошибка 404.</returns>
        </member>
        <member name="M:MessageService.Controllers.MessagesController.GetMessagesTo(System.String)">
            <summary>
            Получение сообщений получателю.
            </summary>
            <param name="toId">Почтовый адрес получателя.</param>
            <returns>Список сообщений или ошибка 400 или ошибка 404.</returns>
        </member>
        <member name="M:MessageService.Controllers.MessagesController.AddMessage(MessageService.TextMessage)">
            <summary>
            Добавление сообщений.
            </summary>
            <param name="newMessage">Сообщение.</param>
            <returns>Результат добавления.</returns>
        </member>
        <member name="T:MessageService.Controllers.ServiceController">
            <summary>
            Контроллер с обработчиком генерации.
            </summary>
        </member>
        <member name="M:MessageService.Controllers.ServiceController.Randomize">
            <summary>
            Обработчик для генерации пользователей и сообщений.
            </summary>
            <returns>Сообщение с </returns>
        </member>
        <member name="T:MessageService.Controllers.UsersController">
            <summary>
            Контроллер с обработчиками пользователей.
            </summary>
        </member>
        <member name="M:MessageService.Controllers.UsersController.GetUsers">
            <summary>
            Получение всех пользователей.
            </summary>
            <returns>Список пользователей или ошибка 400.</returns>
        </member>
        <member name="M:MessageService.Controllers.UsersController.GetUserWithId(System.String)">
            <summary>
            Получение пользователя по его почтовому адресу.
            </summary>
            <param name="id"></param>
            <returns>Пользователь или ошибка 400 или ошибка 404.</returns>
        </member>
        <member name="M:MessageService.Controllers.UsersController.GetUsersPage(System.Int32,System.Int32)">
            <summary>
            Получение всех пользователей на странице.
            </summary>
            <param name="limit">Максимальное количество пользователей.</param>
            <param name="offset">Индекс первого пользователя.</param>
            <returns>Список пользователей или ошибка 400.</returns>
        </member>
        <member name="M:MessageService.Controllers.UsersController.AddUser(MessageService.User)">
            <summary>
            Добавление пользователя.
            </summary>
            <param name="newUser">Пользователь.</param>
            <returns>Результат добавления.</returns>
        </member>
        <member name="T:MessageService.Methods">
            <summary>
            Статический класс с методами генерации пользователей/сообщений, сериализаций и десереализаций.
            </summary>
        </member>
        <member name="F:MessageService.Methods.RandomGenerator">
            <summary>
            Генератор для рандомайзера.
            </summary>
        </member>
        <member name="F:MessageService.Methods.Letters">
            <summary>
            Строка с символами для радомайзера.
            </summary>
        </member>
        <member name="F:MessageService.Methods.UsersPath">
            <summary>
            Путь к файлу с пользователями.
            </summary>
        </member>
        <member name="F:MessageService.Methods.MessagesPath">
            <summary>
            Путь к файлу с сообщениями.
            </summary>
        </member>
        <member name="M:MessageService.Methods.GenerateUsers">
            <summary>
            Генератор пользователей.
            </summary>
            <returns>Список пользователей.</returns>
        </member>
        <member name="M:MessageService.Methods.GenerateMessages(System.Collections.Generic.List{MessageService.User})">
            <summary>
            Генератор сообщений.
            </summary>
            <param name="users">Список пользователей.</param>
            <returns>Список сообщений.</returns>
        </member>
        <member name="M:MessageService.Methods.SerializeList(System.Collections.Generic.List{MessageService.User})">
            <summary>
            Сериализация пользователей.
            </summary>
            <param name="users">Список пользователей.</param>
            <returns>Индикатор выполнения и строка вывода.</returns>
        </member>
        <member name="M:MessageService.Methods.SerializeList(System.Collections.Generic.List{MessageService.TextMessage})">
            <summary>
            Сериализация сообщений.
            </summary>
            <param name="messages">Список сообщений.</param>
            <returns>Индикатор выполнения и строка вывода.</returns>
        </member>
        <member name="M:MessageService.Methods.DeserializeUsers">
            <summary>
            Десериализация пользователя.
            </summary>
            <returns>Индикатор выполнения, строка вывода, список пользователей.</returns>
        </member>
        <member name="M:MessageService.Methods.DeserializeMessages">
            <summary>
            Десериализация сообщений.
            </summary>
            <returns>Индикатор выполнения, строка вывода, список сообщений.</returns>
        </member>
        <member name="T:MessageService.TextMessage">
            <summary>
            Класс сообщения.
            </summary>
        </member>
        <member name="P:MessageService.TextMessage.Subject">
            <summary>
            Тема сообщения.
            </summary>
        </member>
        <member name="P:MessageService.TextMessage.Message">
            <summary>
            Содержание сообщения.
            </summary>
        </member>
        <member name="P:MessageService.TextMessage.SenderId">
            <summary>
            Адрес отправителя.
            </summary>
        </member>
        <member name="P:MessageService.TextMessage.ReceiverId">
            <summary>
            Адрес получателя.
            </summary>
        </member>
        <member name="T:MessageService.User">
            <summary>
            Класс пользователя.
            </summary>
        </member>
        <member name="P:MessageService.User.UserName">
            <summary>
            Имя пользователя.
            </summary>
        </member>
        <member name="P:MessageService.User.Email">
            <summary>
            Почтовый адрес.
            </summary>
        </member>
        <member name="T:MessageService.Program">
            <summary>
            Основной класс программы.
            </summary>
        </member>
        <member name="M:MessageService.Program.Main(System.String[])">
            <summary>
            Точка входа.
            </summary>
            <param name="args">Аргументы входа.</param>
        </member>
        <member name="M:MessageService.Program.CreateHostBuilder(System.String[])">
            <summary>
            Создание объекта IHostBuilder для создания объекта IHost для развертки веб-приложения.
            </summary>
            <param name="args">Аргументы создания.</param>
            <returns>Объект для создания объекта для развертки.</returns>
        </member>
        <member name="T:MessageService.Startup">
            <summary>
            Класс для конфигурации приложения.
            </summary>
        </member>
        <member name="M:MessageService.Startup.#ctor(Microsoft.Extensions.Configuration.IConfiguration)">
            <summary>
            Констрактор класса.
            </summary>
            <param name="configuration">Конфигурация.</param>
        </member>
        <member name="P:MessageService.Startup.Configuration">
            <summary>
            Свойство конфигурации.
            </summary>
        </member>
        <member name="M:MessageService.Startup.ConfigureServices(Microsoft.Extensions.DependencyInjection.IServiceCollection)">
            <summary>
            Метод для добавления сервисов в контейнер.
            </summary>
            <param name="services">Сервисы.</param>
        </member>
        <member name="M:MessageService.Startup.Configure(Microsoft.AspNetCore.Builder.IApplicationBuilder,Microsoft.AspNetCore.Hosting.IWebHostEnvironment)">
            <summary>
            Метод для конфигурации запросов.
            </summary>
            <param name="app">Приложение.</param>
            <param name="env">Среда запуска.</param>
        </member>
    </members>
</doc>
